"Time","Floral Dress"
"2004-01-01",0
"2004-02-01",0
"2004-03-01",0
"2004-04-01",0
"2004-05-01",0
"2004-06-01",0
"2004-07-01",0
"2004-08-01",0
"2004-09-01",0
"2004-10-01",0
"2004-11-01",0
"2004-12-01",0
"2005-01-01",0
"2005-02-01",0
"2005-03-01",0
"2005-04-01",0
"2005-05-01",0
"2005-06-01",0
"2005-07-01",0
"2005-08-01",0
"2005-09-01",3
"2005-10-01",0
"2005-11-01",0
"2005-12-01",0
"2006-01-01",0
"2006-02-01",2
"2006-03-01",0
"2006-04-01",0
"2006-05-01",2
"2006-06-01",0
"2006-07-01",0
"2006-08-01",0
"2006-09-01",0
"2006-10-01",0
"2006-11-01",0
"2006-12-01",0
"2007-01-01",0
"2007-02-01",0
"2007-03-01",2
"2007-04-01",0
"2007-05-01",2
"2007-06-01",2
"2007-07-01",2
"2007-08-01",1
"2007-09-01",1
"2007-10-01",0
"2007-11-01",1
"2007-12-01",0
"2008-01-01",1
"2008-02-01",2
"2008-03-01",3
"2008-04-01",4
"2008-05-01",4
"2008-06-01",6
"2008-07-01",3
"2008-08-01",3
"2008-09-01",1
"2008-10-01",1
"2008-11-01",2
"2008-12-01",2
"2009-01-01",3
"2009-02-01",4
"2009-03-01",5
"2009-04-01",5
"2009-05-01",7
"2009-06-01",7
"2009-07-01",5
"2009-08-01",5
"2009-09-01",3
"2009-10-01",3
"2009-11-01",2
"2009-12-01",3
"2010-01-01",3
"2010-02-01",5
"2010-03-01",6
"2010-04-01",6
"2010-05-01",9
"2010-06-01",10
"2010-07-01",8
"2010-08-01",6
"2010-09-01",4
"2010-10-01",3
"2010-11-01",2
"2010-12-01",3
"2011-01-01",5
"2011-02-01",7
"2011-03-01",9
"2011-04-01",13
"2011-05-01",13
"2011-06-01",12
"2011-07-01",10
"2011-08-01",8
"2011-09-01",5
"2011-10-01",5
"2011-11-01",4
"2011-12-01",4
"2012-01-01",6
"2012-02-01",7
"2012-03-01",10
"2012-04-01",13
"2012-05-01",14
"2012-06-01",13
"2012-07-01",11
"2012-08-01",11
"2012-09-01",8
"2012-10-01",6
"2012-11-01",6
"2012-12-01",5
"2013-01-01",7
"2013-02-01",10
"2013-03-01",13
"2013-04-01",16
"2013-05-01",19
"2013-06-01",20
"2013-07-01",28
"2013-08-01",18
"2013-09-01",12
"2013-10-01",9
"2013-11-01",8
"2013-12-01",9
"2014-01-01",13
"2014-02-01",15
"2014-03-01",23
"2014-04-01",27
"2014-05-01",34
"2014-06-01",33
"2014-07-01",33
"2014-08-01",22
"2014-09-01",15
"2014-10-01",11
"2014-11-01",10
"2014-12-01",10
"2015-01-01",14
"2015-02-01",17
"2015-03-01",26
"2015-04-01",34
"2015-05-01",37
"2015-06-01",38
"2015-07-01",35
"2015-08-01",30
"2015-09-01",19
"2015-10-01",13
"2015-11-01",13
"2015-12-01",12
"2016-01-01",18
"2016-02-01",24
"2016-03-01",29
"2016-04-01",44
"2016-05-01",46
"2016-06-01",46
"2016-07-01",45
"2016-08-01",36
"2016-09-01",27
"2016-10-01",20
"2016-11-01",18
"2016-12-01",18
"2017-01-01",24
"2017-02-01",30
"2017-03-01",39
"2017-04-01",46
"2017-05-01",56
"2017-06-01",67
"2017-07-01",63
"2017-08-01",49
"2017-09-01",33
"2017-10-01",28
"2017-11-01",22
"2017-12-01",18
"2018-01-01",27
"2018-02-01",33
"2018-03-01",37
"2018-04-01",52
"2018-05-01",77
"2018-06-01",77
"2018-07-01",81
"2018-08-01",46
"2018-09-01",28
"2018-10-01",23
"2018-11-01",19
"2018-12-01",16
"2019-01-01",24
"2019-02-01",31
"2019-03-01",38
"2019-04-01",51
"2019-05-01",63
"2019-06-01",63
"2019-07-01",71
"2019-08-01",45
"2019-09-01",35
"2019-10-01",26
"2019-11-01",22
"2019-12-01",20
"2020-01-01",27
"2020-02-01",36
"2020-03-01",25
"2020-04-01",27
"2020-05-01",43
"2020-06-01",46
"2020-07-01",49
"2020-08-01",47
"2020-09-01",27
"2020-10-01",19
"2020-11-01",14
"2020-12-01",15
"2021-01-01",18
"2021-02-01",24
"2021-03-01",39
"2021-04-01",57
"2021-05-01",63
"2021-06-01",99
"2021-07-01",94
"2021-08-01",72
"2021-09-01",43
"2021-10-01",33
"2021-11-01",27
"2021-12-01",21
"2022-01-01",37
"2022-02-01",48
"2022-03-01",67
"2022-04-01",89
"2022-05-01",100
"2022-06-01",98
"2022-07-01",93
"2022-08-01",65
"2022-09-01",35
"2022-10-01",27
"2022-11-01",22
"2022-12-01",19
"2023-01-01",30
"2023-02-01",43
"2023-03-01",51
"2023-04-01",73
"2023-05-01",85
"2023-06-01",98
"2023-07-01",77
"2023-08-01",54
"2023-09-01",39
"2023-10-01",26
"2023-11-01",23
"2023-12-01",22
"2024-01-01",33
"2024-02-01",43
"2024-03-01",60
"2024-04-01",75
"2024-05-01",91
"2024-06-01",89
"2024-07-01",75
"2024-08-01",57
"2024-09-01",37
"2024-10-01",25
"2024-11-01",22
"2024-12-01",21
"2025-01-01",35
"2025-02-01",43
"2025-03-01",61
"2025-04-01",79
"2025-05-01",87
"2025-06-01",80
"2025-07-01",79
"2025-08-01",57
"2025-09-01",36
"2025-10-01",29
"2025-11-01",25
"2025-12-01",21
"2026-01-01",33
"2026-02-01",95